Comparison,N_galaxies,Weighted_Mean_Δμ_mag,Weighted_Std_mag,RMS_Scatter_mag,ΔH₀_km_s_Mpc
JAGB vs TRGB,7,0.0016862416028498425,0.027556126033449847,0.048070880206311214,0.25631389814568345
Cepheid vs TRGB,15,-0.024070337644226347,0.02023034202223494,0.10799501752175333,-3.6587651857524675
