Estimator,Scatter_Ratio,Uncertainty
Standard RMS,2.344301297881537,
MAD,2.9999999999999996,
Tukey Biweight,2.000585262129319,
Jackknife,2.369939618230424,0.24079239414108985
