Method,N_galaxies,RMS_scatter_mag,MAD_scatter_mag,Biweight_scatter_mag,Jackknife_mean_mag,Jackknife_std_mag
JAGB vs TRGB,7,0.044504987108761426,0.0355824,0.047790420667652406,0.04378394444464174,0.0029395258194356315
Cepheid vs TRGB,15,0.10433309904127049,0.10674719999999999,0.09560881125866581,0.10376530458175634,0.007913241319749457
